Aamir,Amir
Abbe,Abe
Abegail,Abigail
Abiah,Abijah
Abigaëlle,Abigaïl
Abigayle,Abigail
Adalberto,Alberto
Adalindis,Adallinda
Adaline,Adelina
Adalyn,Adeline
Adalynn,Adeline
Adde,Ade
Addilyn,Adeline
Addyson,Addison
Adelbert,Adalbert
Adella,Adela
Adelle,Adele
Adelyn,Adeline
Adelynn,Adeline
Ademir,Ademar
Aden,Aidan
Adena,Adina
Adjoa,Adwoa
Admir,Amir
Adonay,Adonai
Adriene,Adriana
Áedh,Áed
Ælfthryth,Ælfþryð
Aerona,Aeron
Æðelberht,Æþelbeorht
Æthelflæd,Æðelflæd
Æþelræd,Æðelræd
Æthelred,Æðelræd
Æthelric,Æðelric
Æthelstan,Æðelstan
Æthelthryth,Æðelþryð
Æthelwine,Æðelwine
Afia,Afua
Agi,Ago
Agneša,Agnes
Agneta,Agnes
Agnete,Agnes
Agnetha,Agnes
Agnethe,Agnes
Agus,Bagus
Ahmed,Ahmad
Aida,Ayda
Aiden,Aidan
Aileen,Eileen
Ailen,Ayelen
Aimee,Amy
Aimeric,Heimirich
Aina,Aino
Ainara,Enara
Ainslee,Ainsley
Ainslie,Ainsley
Aintzane,Aintza
Aira,Airi
Aishatu,Aisha
Aislin,Aisling
Aislinn,Aisling
Aithne,Eithne
Akeem,Hakim
Akhenaten,Akhenaton
Aksel,Axel
Aksinya,Kseniya
Akulina,Akilina
Alaia,Alayah
Alaina,Alana
Alaiya,Alayah
Alani,Alana
Alannah,Alana
Alannis,Alanis
Alard,Adalhard
Alaya,Alayah
Alayah,Aaliyah
Alayna,Alaina
Alberic,Alberich
Albrecht,Albert
Aldéric,Aldric
Aldreda,Etheldred
Aldus,Aldous
Alea,Aaliyah
Aleah,Aaliyah
Alease,Alicia
Alecia,Alicia
Aleesha,Alicia
Alene,Aline
Alesha,Alicia
Alesia,Alicia
Aleta,Alethea
Aletha,Alethea
Alevtina,Valentina
Alexandrea,Alexandria
Alexandrie,Alexandra
Alexus,Alexis
Alfwin,Alboin
Aliah,Aaliyah
Aline,Eileen
Alise,Alice
Alisha,Alicia
Alishia,Alicia
Alisia,Alicia
Alissa,Alyssa
Alisya,Alicia
Alita,Alethea
Alivia,Olivia
Alix,Alice
Allan,Alan
Allana,Alana
Allannah,Alannah
Alle,Ale
Allen,Alan
Allissa,Alyssa
Allycia,Alicia
Allyson,Alison
Almir,Almiro
Almira,Elmira
Alonso,Alfonso
Alonzo,Alonso
Alora,Elora
Alpaslan,Alparslan
Alphius,Alphaeus
Alphonso,Alfonso
Alphonzo,Alfonso
Alv,Alf
Alva,Alvah
Alve,Alf
Alyce,Alice
Alycia,Alicia
Alys,Alice
Alysa,Alicia
Alyse,Alice
Alysha,Alicia
Alysia,Alicia
Alyson,Alison
Alyssa,Alicia
Alyssia,Alicia
Alyx,Alex
Amalaric,Amalric
Amalasuintha,Amalaswinþa
Amalberga,Amalaberga
Amare,Amari
Amaya,Amaia
Amelia,Amalia
Amelie,Amelia
Amen,Amon
Amenemhet,Amenemhat
Amery,Emery
Ami,Amy
Amias,Amyas
Amie,Amy
Amiran,Amirani
Amiyah,Amaya
Amoura,Amora
Amun,Amon
Amunet,Amonet
Anabella,Annabel
Anabelle,Annabel
Anaïs,Anahita
Ananda,Anand
Anano,Ana
Anar,Anara
Anastacia,Anastasia
Anastacio,Anastasio
Anatu,Anat
Anayeli,Nayeli
Andon,Anton
Andor,András
Andżelika,Angelika
Ane,Anne
Anelie,Annelie
Anette,Annette
Angelle,Angel
Angilbert,Engelbert
Angiola,Angela
Angiolo,Angelo
Aniya,Aniyah
Anjelica,Angelica
Annabel,Amabel
Annabelle,Annabel
Annbjørg,Arnbjørg
Anneka,Annika
Annelies,Anneliese
Annet,Annette
Annett,Annette
Annica,Annika
Annice,Annis
Annora,Honora
Annunciata,Annunziata
Anoushka,Annuska
Ansley,Ainsley
Antony,Anthony
Antwan,Antoine
Anže,Janez
Anžej,Janez
Aoibhe,Aoife
Aoibhinn,Aoibheann
Aphra,Afra
Apostolis,Apostolos
Arabella,Annabel
Arabinda,Aravind
Aracelis,Araceli
Aracely,Araceli
Aranrhod,Arianrhod
Arcelia,Araceli
Ardith,Ardath
Arend,Arnold
Ariah,Aria
Arianne,Ariane
Aric,Eric
Arienne,Ariane
Arild,Harald
Arild,Arnold
Arin,Erin
Arin,Aaron
Arina,Irina
Ariyah,Aria
Arja,Irja
Arleen,Arline
Arlene,Arline
Arman,Armen
Arnoldo,Arnaldo
Arnórr,Arnþórr
Arron,Aaron
Arve,Arvid
Arvel,Arwel
Aryan,Arya
Aryana,Ariana
Ashlea,Ashley
Ashlee,Ashley
Ashleigh,Ashley
Ashlie,Ashley
Ashlynn,Ashlyn
Ashtyn,Ashton
Asih,Kasih
Aspyn,Aspen
Astri,Astrid
Astride,Astrid
Atem,Atum
Aten,Aton
Athene,Athena
Atila,Attila
Atilla,Attila
Atse,Ade
Aubert,Albert
Aubree,Aubrey
Aubrie,Aubrey
Audovacar,Odoacer
Audra,Audrey
Audrea,Audrey
Auguste,Augusta
Aurélia,Aurélie
Aurobindo,Aravind
Auroora,Aurora
Austen,Austin
Auston,Austin
Ava,Eve
Avah,Ava
Avaline,Aveline
Averie,Avery
Aviâja,Aviaaja
Avianna,Aviana
Avice,Avis
Aviva,Aviv
Axl,Axel
Aydan,Aidan
Ayden,Aidan
Aylen,Ayelen
Aylmer,Elmer
Azahara,Azahar
Azeneth,Asenath
Aziel,Uzziel
Azrael,Azriel
Baard,Bård
Baila,Beyle
Bailee,Bailey
Balqis,Bilqis
Baltazar,Balthazar
Balthazar,Belshazzar
Barbra,Barbara
Barend,Bernhard
Barret,Barrett
Barrie,Barry
Bashemath,Basemath
Basmath,Basemath
Bastet,Bast
Batsheva,Bathsheba
Batya,Bithiah
Batyah,Bithiah
Baylee,Bailey
Bayley,Bailey
Beavis,Bevis
Bébhionn,Bébinn
Beetlejuice,Betelgeuse
Bendt,Bent
Bent,Ben
Benthe,Bente
Bèr,Baer
Berard,Bernard
Berend,Bernhard
Bergliot,Bergljot
Berit,Birgit
Berith,Berit
Berniece,Bernice
Berny,Bernie
Berry,Barry
Bethanie,Bethany
Bethney,Bethany
Bettye,Betty
Beverley,Beverly
Biaggio,Biagio
Bibiana,Viviana
Bipin,Vipin
Birgit,Birgitta
Bishan,Vishnu
Bjoern,Björn
Blaire,Blair
Blanch,Blanche
Bláthíne,Bláthnat
Blaze,Blaise
Boadicea,Boudicca
Bobbie,Bobby
Bonaventure,Bonaventura
Børge,Birger
Börje,Birger
Bosede,Abosede
Bosmat,Basemath
Boubacar,Aboubacar
Boudica,Boudicca
Braeden,Braden
Braelynn,Braelyn
Braiden,Braden
Braidy,Brady
Bran,Brân
Brand,Brant
Branda,Brandy
Brande,Brandy
Brandee,Brandy
Branden,Brandon
Brandi,Brandy
Brandie,Brandy
Brandt,Brant
Brannon,Brennan
Brayden,Braden
Braylen,Braylon
Breana,Briana
Breanna,Briana
Brenden,Brendan
Brendon,Brendan
Brenna,Brenda
Bret,Brett
Brianna,Briana
Bridgette,Bridget
Brigid,Brighid
Brion,Brian
Briony,Bryony
Britney,Brittany
Brittani,Brittany
Brittania,Britannia
Brittney,Brittany
Brittny,Brittany
Brodie,Brody
Bronwyn,Bronwen
Brooke,Brook
Brooklynn,Brooklyn
Brooks,Brook
Brunhilda,Brunhild
Brunhilde,Brunhild
Brunihild,Brunhild
Bryan,Brian
Bryana,Briana
Bryanna,Briana
Bryce,Brice
Brycen,Bryson
Brylee,Briley
Brynlee,Brinley
Brynn,Bryn
Brynne,Brynn
Bryon,Brian
Burchard,Burkhard
Burkhart,Burkhard
Caelie,Kaylee
Caetlin,Caitlin
Cahya,Cahaya
Cai,Kai
Caiden,Caden
Caileigh,Kayleigh
Cailin,Kaylyn
Cailyn,Kaylyn
Cainan,Kenan
Caitlyn,Caitlin
Caius,Gaius
Caj,Kai
Caja,Kaja
Cajsa,Kajsa
Caleigh,Kayleigh
Caleigh,Callie
Cali,Callie
Calista,Kallisto
Calixtus,Callistus
Calleigh,Callie
Callista,Calista
Callixtus,Callistus
Callum,Calum
Camron,Cameron
Candi,Candy
Candice,Candace
Candis,Candace
Candyce,Candace
Caoileann,Caoilfhionn
Caoilinn,Caoilfhionn
Caradoc,Caradog
Careen,Carreen
Caren,Karen
Cari,Carrie
Carin,Karin
Carina,Karina
Caris,Carys
Carissa,Charissa
Carl,Karl
Carleton,Charlton
Carlman,Carloman
Carlton,Charlton
Carlyle,Carlisle
Carlyn,Caroline
Carmina,Carmen
Carolyn,Caroline
Carrol,Carroll
Carsten,Karsten
Cary,Carey
Caryl,Carol
Caryn,Karen
Caspar,Jasper
Cassandre,Cassandra
Cassiopea,Cassiopeia
Castiel,Cassiel
Cate,Kate
Cathair,Cathaoir
Catharine,Katherine
Catherin,Katherine
Catherina,Katherine
Cathleen,Kathleen
Cathryn,Katherine
Cayden,Caden
Cayla,Kayla
Cayley,Kaylee
Cayson,Cason
Ceallagh,Ceallach
Ceara,Ciara
Cearra,Ciara
Cecelia,Cecilia
Cecilie,Cecílie
Cees,Kees
Celine,Céline
Cerridwen,Ceridwen
Cerridwyn,Ceridwen
Cerys,Carys
Cézar,César
Cezar,César
Cezário,Cesário
Chace,Chase
Chanelle,Chanel
Chantel,Chantal
Chantelle,Chantal
Charibert,Haribert
Charleen,Charlene
Charlotta,Charlotte
Chasity,Chastity
Chatzkel,Ezekiel
Chelsey,Chelsea
Chelsie,Chelsea
Chenaniah,Kenaniah
Cheri,Cherie
Cherice,Charisse
Cherise,Charisse
Cherryl,Cheryl
Chevonne,Shavonne
Cheyanne,Cheyenne
Chidiebele,Chidiebere
Chidinma,Chidimma
Chikelu,Chikere
Childeric,Hilderic
Chile,Kyle
Chilperic,Hilperic
Chin,Jin
Chinyelu,Chinyere
Chlodochar,Lothar
Chloë,Chloe
Christabelle,Christabel
Christal,Crystal
Christen,Kristen
Christen,Kristin
Christin,Christine
Christin,Kristin
Christobel,Christabel
Christoffer,Kristoffer
Chrystal,Crystal
Chrystelle,Christelle
Chukwudi,Chidi
Chukwuma,Chima
Chyna,China
Ciara,Sierra
Cibor,Czcibor
Cicely,Cecily
Ciera,Sierra
Cierra,Sierra
Cillín,Cillian
Ciríaco,Cyriacus
Cissy,Sissy
Citlali,Citlalli
Claud,Claude
Claudie,Claude
Clemency,Clemence
Cletis,Cletus
Clíona,Clíodhna
Clisthenes,Cleisthenes
Cloé,Chloe
Clothilde,Clotilde
Cnaeus,Gnaeus
Cnut,Knut
Coleen,Colleen
Colene,Colleen
Collin,Colin
Collyn,Colleen
Collyn,Colin
Colm,Colum
Colten,Colton
Comgal,Comhghall
Conlaoch,Connla
Conner,Conor
Connor,Conor
Consuela,Consuelo
Corbinian,Korbinian
Coreen,Corinne
Corie,Corrie
Corrina,Corinna
Corrine,Corinne
Cortney,Courtney
Cory,Corey
Corynn,Corinne
Cosmo,Cosimo
Coty,Cody
Courteney,Courtney
Crispian,Crispin
Cristen,Kristin
Cú Chulainn,Cúchulainn
Curt,Kurt
Cybill,Sibyl
Cydney,Sydney
Cymone,Simone
Cyneburga,Cyneburg
Cynefrith,Cynefrið
Dagan,Dagon
Dagney,Dagny
Daireann,Doireann
Daithí,Dáithí
Daividh,Dàibhidh
Dajana,Diana
Daly,Daley
Damion,Damian
D'Andre,DeAndre
D'Angelo,DeAngelo
Danika,Danica
Darcey,Darcy
Darcie,Darcy
D'Arcy,Darcy
Darell,Darrell
Daren,Darren
Darien,Darian
Darijus,Darius
Darin,Darren
Darion,Darian
Darla,Darlene
Darleen,Darlene
Darrel,Darrell
Darrin,Darren
Darryl,Darrell
Daryl,Darrell
Dashawn,Deshawn
Davena,Davina
Davin,Devin
Davonte,Devante
Davorin,Davor
Dayana,Diana
Dayna,Dana
Dazbog,Dazhdbog
Deana,Deanna
Deanna,Diana
Deanne,Deanna
Debra,Deborah
Deeann,Deanna
Deena,Deanna
Deforrest,Deforest
Deidra,Deirdre
Deidre,Deirdre
Deion,Dion
Deitra,Deirdre
Delice,Delicia
Delores,Dolores
Deloris,Dolores
Dena,Deanna
Dene,Dean
Dene,Dena
Denice,Denise
Deniece,Denise
Denzel,Denzil
Deodatus,Adeodatus
Deodatus,Deusdedit
Deon,Dion
Deonne,Dionne
Derby,Darby
Derick,Derek
Derren,Darren
Derrick,Derek
Derryl,Darrell
Deryck,Derek
Deshaun,Deshawn
Desirae,Desiree
Destinee,Destiny
Detlev,Detlef
Devan,Devin
Deven,Devin
Devon,Devin
Devontae,Devante
Devonte,Devante
Devyn,Devin
Dewayne,Duane
Dewey,Dewi
Deziree,Désirée
Diamanda,Diamond
Diamantina,Diamanto
Diann,Diane
Dianna,Diana
Dianne,Diane
Diarmuid,Diarmaid
Diederich,Dietrich
Diederick,Diederik
Dierk,Dirk
Diether,Dieter
Dietlind,Dietlinde
Dillan,Dylan
Dillon,Dylan
Dimitri,Dmitriy
Dimitris,Demetrios
Dina,Dinah
Dina,Deanna
Diniz,Dinis
Dîyar,Diyar
Djehutimose,Djehutimesu
Doirend,Doireann
Dollie,Dolly
Domenic,Dominic
Dominick,Dominic
Dona,Donna
Dónal,Domhnall
Donnacha,Donnchadh
Donncha,Donnchadh
Dorean,Doreen
Dorine,Doreen
Dorit,Dor
Dorothee,Dorothea
Dorris,Doris
Dortha,Dorothy
Dorthy,Dorothy
Douglass,Douglas
Dragos,Dragoș
Drest,Drust
Driskoll,Driscoll
Dugald,Dougal
Dumuzid,Dumuzi
Đurađ,George
Duško,Dušan
Dwain,Duane
Dwayne,Duane
Dyan,Diane
Dylis,Dilys
Dympna,Dymphna
Eadburga,Eadburg
Éamon,Éamonn
Eamon,Éamonn
Earle,Earl
Earnest,Ernest
Earnestine,Ernestine
Ebele,Ebere
Eboni,Ebony
Eckart,Ekkehard
Eckehard,Ekkehard
Eckhard,Ekkehard
Eckhart,Ekkehard
Ederne,Eder
Edgard,Edgar
Edsel,Etzel
Edweena,Edwina
Edwena,Edwina
Edwyn,Edwin
Edwyna,Edwina
Edythe,Edith
Efraim,Ephraim
Efua,Afua
Éibhir,Éibhear
Eila,Aila
Eiluned,Eluned
Eimear,Éimhear
Eivind,Øyvind
Ekkehardt,Ekkehard
Ekua,Akua
Elaina,Elaine
Elbert,Adelbert
Elder,Hélder
Eleanore,Eleanor
Elenora,Eleanor
Eleonor,Eleanor
Elfrida,Elfreda
Elfrieda,Elfreda
Elicia,Alicia
Elinor,Eleanor
Eliot,Elliott
Eliott,Elliott
Eliphalet,Eliphelet
Elis,Elias
Elissa,Elisa
Elizabete,Elisabete
Elkan,Elkanah
Elliana,Eliana
Elliot,Elliott
Elly,Ellie
Elouise,Eloise
Elov,Elof
Elsabeth,Elizabeth
Elsy,Elisabet
Elvin,Alvin
Elvina,Alvina
Elvis,Elwes
Elwin,Alvin
Elwyn,Alvin
Ely,Eli
Elyzabeth,Elizabeth
Emalee,Emily
Emelia,Amelia
Emely,Emily
Emerie,Emery
Emersyn,Emerson
Emilee,Emily
Emili,Emily
Emir,Amir
Emmaline,Emmeline
Emmalyn,Emmeline
Emmanuele,Emanuele
Emmerson,Emerson
Emmet,Emmett
Emmitt,Emmett
Emory,Emery
Emrah,Emre
Énnae,Énna
Eraldo,Aroldo
Erdmann,Hartmann
Erick,Eric
Ericka,Erica
Erja,Irja
Erle,Earl
Erlend,Erland
Erma,Irma
Ermengarde,Ermengard
Ermentrude,Ermendrud
Erminlinda,Ermelinde
Erwann,Erwan
Erykah,Erica
Eryn,Erin
Esben,Asbjørn
Eshe,Asha
Esmaralda,Esmeralda
Esme,Esmé
Esmund,Esmond
Espen,Asbjørn
Estiñe,Esti
Étan,Étaín
Ethne,Eithne
Ethniu,Eithne
Eutychius,Eutychos
Evaline,Evelyn
Evalyn,Evelyn
Evander,Evandrus
Evandrus,Evander
Eveleen,Evelyn
Eveline,Evelina
Evelynn,Evelyn
Even,Øyvind
Everette,Everett
Everitt,Everett
Everlee,Everly
Everleigh,Everly
Evette,Yvette
Evonne,Yvonne
Ezar,Ezer
Fadime,Fatma
Fae,Fay
Faiga,Faigel
Fairuza,Fayruz
Faithe,Faith
Famke,Femke
Fannie,Fanny
Faramond,Faramund
Farohildis,Pharaildis
Faye,Fay
Fedelma,Fidelma
Fedelmid,Feidlimid
Fedlimid,Feidlimid
Fedor,Fyodor
Féichín,Féchín
Feidelm,Fedelm
Feidhelm,Fedelm
Feige,Faigel
Feivush,Faivish
Felecia,Felicia
Felisha,Felicia
Felizitas,Felicitas
Feodor,Fyodor
Ferne,Fern
Finbarr,Finbar
Finella,Fenella
Finley,Finlay
Finnbar,Finbar
Finnén,Finnian
Finnley,Finley
Finnuala,Fionnuala
Fion,Fionn
Fionnbarra,Fionnbharr
Fionnghuala,Fionnuala
Firdausi,Ferdowsi
Fishke,Fishel
Florianne,Floriane
Floyd,Lloyd
Forest,Forrest
Fotis,Photios
Francene,Francine
Francisque,Franciscus
Franklyn,Franklin
Frazier,Fraser
Frea,Freya
Fredric,Frederick
Fredrick,Frederick
Freida,Frieda
Frey,Freyr
Fridtjof,Fritjof
Frieda,Frida
Friede,Frida
Fritiof,Fritjof
Fulke,Fulk
Fyfe,Fife
Fynn,Finn
Gae,Gay
Gaenor,Gaynor
Gaheris,Gaheriet
Gale,Gail
Galit,Gal
Garbiñe,Garbi
Garey,Gary
Garibald,Gerbald
Garnett,Garnet
Garnette,Garnet
Garret,Garrett
Garry,Gary
Gavrel,Gabriel
Gayathri,Gayatri
Gaye,Gay
Gayelord,Gaylord
Gayle,Gail
Gayle,Gale
Geena,Gina
Geffrey,Geoffrey
Gefion,Gefjon
Gena,Gina
Genette,Jeannette
Genevra,Ginevra
Georgeanna,Georgiana
Georgene,Georgine
Georgianna,Georgiana
Gerbold,Gerbald
Gergina,Gergana
Gerónimo,Jerónimo
Gerrard,Gerard
Gershon,Gershom
Gertruida,Geertruida
Gessica,Jessica
Gherardo,Gerardo
Ghyslain,Ghislain
Ghyslaine,Ghislaine
Giana,Gianna
Gianis,Ioannes
Gianna,Ioanna
Giannis,Ioannes
Gilleasbaig,Gilleasbuig
Giorgos,Georgios
Gisbert,Gilbert
Gisèle,Giselle
Gismund,Giselmund
Gisselle,Giselle
Githa,Gytha
Giusy,Giusi
Gladwyn,Gladwin
Glen,Glenn
Glynis,Glenys
Glynn,Glyn
Gobind,Govinda
Goldie,Golda
Gorden,Gordon
Gormflaith,Gormlaith
Goronwy,Gronw
Gösta,Gustav
Göstav,Gustav
Govannon,Gofannon
Graeme,Graham
Grahame,Graham
Granya,Grania
Graysen,Grayson
Grenville,Granville
Gretta,Greta
Grey,Gray
Greyson,Grayson
Gruffud,Gruffudd
Gruffydd,Gruffudd
Guendolen,Gwendolen
Guenevere,Guinevere
Gulbrand,Guðbrandr
Gulbrandr,Guðbrandr
Gunder,Gunnar
Gunhilda,Gunhild
Gunilla,Gunhild
Gunnel,Gunhild
Gunner,Gunnar
Gunnhild,Gunhild
Gunnvor,Gunvor
Günter,Gunther
Gunter,Gunther
Günther,Gunther
Gustaf,Gustav
Guðrøðr,Guðfrøðr
Gwalchmei,Gwalchmai
Gwendoline,Gwendolen
Gwendolyn,Gwendolen
Gweneth,Gwyneth
Gwenevere,Guinevere
Gwenith,Gwyneth
Gwenneth,Gwyneth
Gwenyth,Gwyneth
Gwilim,Gwilym
Gwillym,Gwilym
Gwladys,Gladys
Gwyneth,Gwynedd
Gwynn,Gwyn
Gyles,Giles
Gyneth,Gwyneth
Haakon,Håkon
Hadewych,Hedwig
Hadyn,Hayden
Hailee,Hayley
Hailey,Hayley
Hailie,Hayley
Hailwic,Heilwig
Haleigh,Hayley
Haley,Hayley
Halimat,Halima
Halimatu,Halima
Halldor,Haldor
Hallvard,Halvard
Halvdan,Halfdan
Halvor,Halvard
Hamon,Hamo
Hanne,Hanna
Haralambi,Charalampos
Hardwic,Hartwig
Harinder,Harendra
Harkaitz,Arkaitz
Harland,Harlan
Harlee,Harley
Harleigh,Harley
Harmonie,Harmony
Harriett,Harriet
Harrietta,Harriet
Harriette,Harriet
Harvie,Harvey
Haskel,Ezekiel
Haylee,Hayley
Hayleigh,Hayley
Haylie,Hayley
Haze,Hayes
Headley,Hedley
Helder,Hélder
Heleen,Helen
Heleena,Helena
Helfried,Helmfried
Helka,Helga
Hellen,Helen
Helmuth,Helmut
Henda,Hannah
Hendrick,Hendrik
Hendricus,Henricus
Hendrikus,Henricus
Hene,Hannah
Henriett,Henrietta
Henye,Hannah
Hepzibah,Hephzibah
Heracleitus,Heraclitus
Herschel,Hershel
Herta,Hertha
Hervey,Harvey
Hewie,Hughie
Hilbert,Hildebert
Hilde,Hilda
Hildegunde,Hildegund
Hildigardis,Hildegard
Hillary,Hilary
Hilma,Helma
Hiltraud,Hiltrud
Hiltrude,Hiltrud
Hirune,Irune
Hollie,Holly
Honor,Honour
Honora,Honoria
Horatio,Horatius
Horia,Horea
Hrodperht,Hrodebert
Hrothgar,Hroðgar
Hrothulf,Hroðulf
Hrotsuitha,Hruodsuind
Hubrecht,Hubert
Huey,Hughie
Huguo,Hugo
Huld,Hulda
Hulda,Huldah
Humphry,Humphrey
Hường,Hồng
Hylda,Hilda
Hyram,Hiram
Hyrum,Hiram
Ianeira,Ἴων
Iantha,Ianthe
Iarfhlaith,Iarlaithe
Iarlaith,Iarlaithe
Icíar,Itziar
Idoya,Idoia
Iesha,Aisha
Ilean,Eileen
Ileana,Elena
Ileen,Eileen
Ilene,Eileen
Ilenia,Elena
Ilmi,Ilma
Ilsa,Ilse
Ima,Emma
Imogene,Imogen
Imram,Imran
Inaya,Inayat
Inderjit,Indrajit
Indy,Indie
Ingebjørg,Ingeborg
Ingeburg,Ingeborg
Ingegärd,Ingegerd
Ingela,Ingegerd
Inger,Ingrid
Inger,Ingegerd
Ingmar,Ingemar
Ingvildr,Yngvildr
Iola,Iole
Iolanthe,Yolanda
Ireneus,Irenaeus
Irida,Iris
Irmtraut,Irmtraud
Irmtrud,Irmtraud
Irvine,Irving
Isabeau,Isabel
Isabell,Isabel
Isador,Isidore
Isadora,Isidora
Isadore,Isidore
Isbel,Isabel
Isebella,Isabella
Iser,Israel
Iseut,Yseut
Isiah,Isaiah
Isidro,Isidore
Isla,Islay
Issac,Isaac
Itsasne,Itsaso
Ittai,Ithai
Itzel,Ixchel
Iver,Ivar
Ivonne,Yvonne
Izabel,Isabel
Izabelle,Isabel
Izaiah,Isaiah
Jacinda,Jacinta
Jackalyn,Jacqueline
Jackin,Jankin
Jacklyn,Jacqueline
Jaclyn,Jacqueline
Jacquelyn,Jacqueline
Jadyn,Jaden
Jae,Jay
Jahel,Jael
Jai,Jay
Jaida,Jada
Jaiden,Jaden
Jaime,Jamie
Jaimie,Jamie
Jake,Jack
Jamaar,Jamar
Jamey,Jamie
Jami,Jamie
Jamir,Jamar
Jana,Ana
Janaína,Iemanjá
Janel,Janelle
Janele,Janelle
Janella,Janelle
Janene,Janine
Janeth,Janet
Janette,Janet
Janine,Jeannine
Janis,Janice
Janiya,Janiyah
Jannah,Janna
Jannette,Janet
Jannicke,Jannike
Jannine,Janine
Janusz,Jan
Jaqueline,Jacqueline
Jaquelyn,Jacqueline
Jaren,Jaron
Jarle,Jarl
Jarod,Jared
Jarred,Jared
Jarrett,Garrett
Jarrod,Jared
Jase,Jace
Jaslyn,Jazlyn
Jasmyn,Jasmine
Jaxon,Jackson
Jaxson,Jackson
Jaxtyn,Jaxton
Jaxx,Jax
Jaxxon,Jackson
Jayce,Jace
Jaycee,Jacey
Jayceon,Jason
Jaycob,Jacob
Jayda,Jada
Jayde,Jade
Jayden,Jaden
Jaydon,Jaden
Jaylah,Jayla
Jaylen,Jalen
Jaylin,Jalen
Jaylinn,Jaylynn
Jaylon,Jalen
Jaylyn,Jaylynn
Jayma,Jamie
Jayme,Jamie
Jaymes,James
Jayna,Jane
Jayne,Jane
Jayson,Jason
Jazmin,Jasmine
Jazmine,Jasmine
Jazmyn,Jasmine
Jean,Jehanne
Jeana,Jean
Jeane,Jean
Jeanette,Jeannette
Jeanine,Jeannine
Jeanna,Jean
Jeffery,Jeffrey
Jeffrey,Geoffrey
Jeffry,Jeffrey
Jemma,Gemma
Jeni,Jenny
Jenifer,Jennifer
Jenna,Jenny
Jenni,Jenny
Jennie,Jenny
Jenson,Jensen
Jephtha,Jephthah
Jeptha,Jephthah
Jerald,Gerald
Jeri,Jerry
Jerk,Erik
Jerker,Erik
Jermaine,Germain
Jerold,Gerald
Jerrard,Gerard
Jerred,Jared
Jerri,Jerry
Jerrie,Jerry
Jerrik,Erik
Jerrod,Jared
Jerrold,Gerald
Jervis,Jarvis
Jesenia,Yesenia
Jessamyn,Jessamine
Jessenia,Yesenia
Jessi,Jessie
Jessie,Jesse
Jessika,Jessica
Jessy,Jesse
Jessy,Jessie
Jessye,Jessie
Jewell,Jewel
Jhon,Juan
Jillian,Gillian
Jimena,Ximena
Jimeno,Ximeno
Jimi,Jimmy
Jitender,Jitendra
Jitka,Judith
Joann,Joan
Joanne,Joan
Joannes,Johannes
Jocelin,Jocelyn
Jocosa,Joyce
Jodi,Jody
Jodie,Jody
Jodoc,Judoc
Jody,Judy
Joele,Gioele
Johnathan,Jonathan
Johnathon,Jonathan
Joi,Joy
Joisse,Joyce
Jolanda,Iolanda
Joleen,Jolene
Joline,Jolene
Jon,John
Jonathon,Jonathan
Jöran,Göran
Jordane,Jordan
Jordin,Jordan
Jordon,Jordan
Jordyn,Jordan
Jorja,Georgia
Jorun,Jorunn
Josceline,Jocelyn
Joselyn,Jocelyn
Josepe,Joseph
Josephina,Joséphine
Joses,Joseph
Joslyn,Jocelyn
Josselin,Jocelyn
Josseline,Jocelyn
Josslyn,Jocelyn
Journee,Journey
Joye,Joy
Juanne,Giuanne
Jude,Judas
Julyan,Julian
Jyotsana,Jyotsna
Kaan,Kağan
Kaapo,Gabriel
Kaapro,Gabriel
Kacey,Casey
Kacie,Casey
Kade,Cade
Kaden,Caden
Kadence,Cadence
Kae,Kay
Kaeden,Caden
Kaelea,Kaylee
Kaelee,Kaylee
Kaelyn,Kaylyn
Kaiden,Caden
Kaila,Kayla
Kailee,Kaylee
Kailey,Kaylee
Kailyn,Kaylyn
Kairo,Cairo
Kaison,Kyson
Kaison,Cason
Kaitlin,Caitlin
Kaitlyn,Caitlin
Kaitlynn,Caitlin
Kaja,Gaja
Kaleb,Caleb
Kaleigh,Kayleigh
Kaleigh,Callie
Kalevi,Kaleva
Kaley,Kaylee
Kali,Callie
Kali,Kaylee
Kalie,Callie
Kalie,Kaylee
Kalla,Calla
Kallie,Callie
Kalyana,Kalyan
Kalyn,Kaylyn
Kalysta,Calista
Kamden,Camden
Kameron,Cameron
Kandace,Candace
Kandi,Candy
Kara,Cara
Karaugh,Kara
Karenza,Kerensa
Karīna,Karina
Karissa,Charissa
Karita,Carita
Karlee,Carly
Karlene,Carlene
Karly,Carly
Karolyn,Caroline
Karrie,Carrie
Karson,Carson
Karsyn,Carson
Karter,Carter
Karyn,Karen
Kasen,Cason
Kasey,Casey
Kash,Cash
Kason,Cason
Kassia,Cassia
Kassidy,Cassidy
Katelin,Caitlin
Katelyn,Caitlin
Katelynn,Caitlin
Katerina,Aikaterine
Katharine,Katherine
Katharyn,Katherine
Katheryn,Katherine
Katheryne,Katherine
Katlyn,Caitlin
Katriona,Catriona
K'awiil,K'awil
Kay,Kai
Kaycee,Casey
Kayden,Caden
Kaydence,Cadence
Kaye,Kay
Kaylani,Kailani
Kayleah,Kaylee
Kayleigh,Kaylee
Kaylen,Kaylyn
Kayley,Kaylee
Kaylie,Kaylee
Kaylin,Kaylyn
Kayly,Kaylee
Kaylynn,Kaylyn
Kayson,Cason
Kean,Kane
Keane,Kane
Keanna,Kiana
Keano,Keanu
Keara,Ciara
Keeleigh,Keely
Keeley,Keely
Kegan,Keegan
Kehlani,Kailani
Kehlani,Kalani
Keighley,Kaylee
Keila,Kayla
Keir,Kerr
Keira,Ciara
Keiran,Kieran
Kelan,Kellen
Kelcey,Kelsey
Kellan,Kellen
Kelleigh,Kelly
Kelley,Kelly
Kelli,Kelly
Kellie,Kelly
Kelsi,Kelsey
Kelsie,Kelsey
Kendal,Kendall
Kenith,Kenneth
Kennedi,Kennedy
Kennith,Kenneth
Kenojuak,Qinnuajuaq
Kenrick,Kendrick
Kerena,Karena
Kerenza,Kerensa
Keri,Kerry
Kerneels,Cornelius
Kerri,Kerry
Kerrie,Kerry
Kersti,Kerstin
Keshia,Keisha
Kevan,Kevin
Kévin,Kevin
Keysha,Keisha
Kezia,Keziah
Khloe,Chloe
Kian,Cian
Kiana,Qiana
Kianna,Kiana
Kiara,Ciara
Kiarra,Kiara
Kierra,Kiara
Kiersten,Kirsten
Kiley,Kylie
Kilie,Kylie
Kimberlee,Kimberly
Kimberleigh,Kimberly
Kimberley,Kimberly
Kinich,K'inich
Kinslee,Kinsley
Kira,Ciara
Kisha,Keisha
Kishan,Krishna
Kjell,Ketil
Kjetil,Ketil
Knute,Knut
Kobina,Kwabena
Koby,Coby
Kodey,Cody
Kody,Cody
Kojo,Kwadwo
Kolby,Colby
Kole,Cole
Kolleen,Colleen
Kolman,Koloman
Kolton,Colton
Konnor,Conor
Kora,Cora
Korbin,Corbin
Korey,Corey
Korrine,Corinne
Kortney,Courtney
Kory,Corey
Kostadin,Konstantin
Kourtney,Courtney
Krastyu,Krastyo
Kresten,Christian
Kriemhilde,Kriemhild
Krimhilde,Kriemhild
Kristal,Crystal
Kristeen,Christine
Kristen,Kristin
Krister,Christer
Kristina,Christina
Kristine,Christine
Kristopher,Christopher
Krystal,Crystal
Krystelle,Crystal
Krysten,Kristin
Krystiana,Christina
Krystina,Christina
Krystine,Christine
Krystle,Crystal
Krystyn,Christian
Kumaran,Kumara
Kurtis,Curtis
Kweku,Kwaku
Kwesi,Kwasi
Kylee,Kylie
Kyleigh,Kylie
Kylian,Cillian
Kyllian,Killian
Kym,Kim
Kyra,Kira
Kyran,Kieran
Kyree,Kyrie
Kyro,Cairo
Kyrsten,Kirsten
Lacey,Lacy
Laci,Lacy
Lacie,Lacy
Laila,Layla
Lainey,Laney
Lammert,Lambert
Lamprecht,Lambert
Landen,Landon
Landyn,Landon
Laquisha,Lakeisha
Lara,Larunda
Laraine,Lorraine
Larissa,Larisa
Laryn,Lauren
Latisha,Letitia
Lauchlan,Lachlan
Launce,Lancelot
Lauraine,Lorraine
Laurelle,Laurel
Laurinda,Lorinda
Lauryn,Lauren
Lavena,Lavinia
Lavern,Laverne
Lavina,Lavinia
Lavone,Lavonne
Lawali,Lawal
Lawrence,Laurence
Layne,Lane
Lazer,Eliezer
Léana,Léane
Leanna,Liana
Leesa,Lisa
Leigh,Lee
Leighton,Layton
Leila,Layla
Leilah,Leila
Leire,Leyre
Leiv,Leif
Lela,Leila
Lenard,Leonard
Lennard,Leonard
Lenox,Lennox
Leone,Leona
Léonel,Lionel
Leontyne,Léontine
Leroi,Leroy
Lesleigh,Leslie
Lesley,Leslie
Lesly,Leslie
Leudoberct,Leutbert
Leyla,Leila
Leyton,Layton
Líadain,Líadan
Lianne,Leanne
Libbie,Libby
Liborius,Liberius
Lidmila,Ludmila
Liesbeth,Elisabeth
Lieselotte,Liselotte
Lihuén,Liwen
Lila,Leila
Lilah,Leila
Lílian,Lillian
Lilian,Lillian
Lilianna,Liliana
Lilianne,Liliane
Lilli,Lili
Lilliana,Lillian
Lillias,Lilias
Lillie,Lily
Lilly,Lily
Linde,Linda
Lindon,Lyndon
Lindsey,Lindsay
Lindsie,Lindsay
Linet,Lynet
Linette,Lynette
Linnea,Linnéa
Linnet,Lynette
Linnette,Lynette
Linsay,Lindsay
Linsey,Lindsay
Linzi,Lindsay
Lionesse,Lyonesse
Lionors,Lyonors
Liselot,Liselotte
Liselott,Liselotte
Liutgard,Leutgard
Liva,Liv
Live,Liv
Livnat,Livna
Llew,Lleu
Llewela,Llewella
Llewellyn,Llewelyn
Llewelyn,Llywelyn
Lludd,Nudd
Llyr,Llŷr
Llywellyn,Llywelyn
Loan,Elouan
Loann,Elouan
Lochlann,Lochlainn
Lohan,Elouan
Lomán,Lommán
Londyn,London
Lora,Laura
Loraine,Lorraine
Lorainne,Lorraine
Lorayne,Lorraine
Lorea,Lore
Loreen,Lorene
Lorelai,Lorelei
Lorelle,Laurel
Loren,Lauren
Lorene,Loren
Lorene,Lorena
Loreta,Loreto
Loretta,Lauretta
Loretta,Loreto
Lorette,Laurette
Lorie,Lori
Lorin,Loren
Lorine,Lorene
Lorita,Loreto
Lorn,Lorne
Lorri,Lori
Lorrie,Lori
Lorrin,Loren
Louhi,Loviatar
Loui,Louie
Louna,Luna
Lovel,Lowell
Lovell,Lowell
Lovis,Lovisa
Lowe,Love
Loyd,Lloyd
Luann,Luana
Luanna,Luana
Luanne,Luann
Luce,Lucia
Lucile,Lucille
Luella,Louella
Lugos,Lugus
Luitger,Ludger
Luitpold,Leopold
Lurdes,Lourdes
Lutgard,Lutgarde
Luus,Lucia
Luvinia,Luvenia
Lya,Léa
Lyam,Liam
Lyana,Léane
Lyda,Lydia
Lýdie,Lydie
Lygia,Lígia
Lyla,Leila
Lylah,Leila
Lylou,Lilou
Lyn,Lynn
Lyna,Lina
Lynda,Linda
Lyndi,Lindy
Lyndsay,Lindsay
Lyndsea,Lindsay
Lyndsey,Lindsay
Lynne,Lynn
Lynnette,Lynette
Lynsay,Lindsay
Lynsey,Lindsay
Lynton,Linton
Lynwood,Linwood
Lyones,Lyonesse
Lyov,Lev
Lysanne,Lisanne
Lysette,Lisette
Lyydia,Lydia
Mabelle,Mabel
Mable,Mabel
Mac,Mack
Macauley,Macaulay
Macey,Macy
Maci,Macy
Macie,Macy
Madalyn,Madeline
Maddi,Mari
Maddison,Madison
Madelaine,Madeline
Madelen,Madeleine
Madelyn,Madeline
Madelynn,Madeline
Madilyn,Madeline
Madilynn,Madeline
Madisyn,Madison
Madlyn,Madeline
Madog,Madoc
Madoline,Madeline
Madyson,Madison
Mae,May
Maegan,Megan
Maeghan,Megan
Maeleachlainn,Máel
Máel Sechlainn,Máel
Magalie,Magali
Magaly,Magali
Magdalen,Magdalene
Magne,Magnus
Mahala,Mahalah
Mahala,Mahalath
Mahalah,Mahlah
Mahali,Mahli
Mahalia,Mahala
Mahinder,Mahendra
Maie,Maia
Maija,Maria
Maija,Marija
Maikel,Michael
Mailys,Maylis
Mairenn,Muirenn
Maisy,Maisie
Makayla,Michaela
Makenna,McKenna
Makenzie,Mackenzie
Malani,Melanie
Malcom,Malcolm
Maleah,Malia
Malinda,Melinda
Malthe,Malte
Manegold,Managold
Manfried,Manfred
Måns,Magnus
Manu,Mauno
Manuele,Manuel
Māra,Marija
Mara,Mária
Maralyn,Marilyn
Marceau,Marcel
Marcelyn,Marceline
Marciane,Marciana
Maree,Marie
Margalita,Margalit
Margaux,Margot
Margita,Margaret
Margo,Margot
Margreet,Margriet
Mariah,Maria
Marian,Marion
Mariann,Marianne
Marilla,Amaryllis
Marilynn,Marilyn
Marinda,Miranda
Marissa,Marisa
Mariyana,Mariana
Marje,Maarja
Marjorie,Margery
Marjory,Marjorie
Marju,Maarja
Marla,Marlene
Marlee,Marley
Marleen,Marlene
Marlen,Marlene
Marlin,Merlin
Marly,Marley
Marlyn,Marilyn
Marni,Marnie
Marques,Marquis
Marquise,Marquis
Marquita,Marquis
Marsha,Marcia
Marshal,Marshall
Marte,Martha
Märtha,Märta
Martins,Mārtiņš
Marvyn,Marvin
Marwin,Marvin
Marylu,Marylou
Marylyn,Marilyn
Marzanna,Marianna
Marzell,Marcellus
Mateja,Matija
Matevž,Matthew
Matheus,Mateus
Mathew,Matthew
Mathghamhain,Mathgamain
Mathias,Matthias
Mathilda,Matilda
Mathildis,Mahthilt
Mathis,Matthias
Mathys,Matthias
Matis,Matthias
Matjaž,Matthias
Matryona,Matrona
Matthias,Ματθαῖος
Matthieu,Mathieu
Mattis,Matthias
Matts,Mats
Maude,Maud
Maunu,Mauno
Maurene,Maureen
Maurine,Maureen
Mave,Maeve
Maxene,Maxine
Maximillian,Maximilian
Maya,Maia
Maybelle,Mabel
Mayme,Mamie
Maynerd,Maynard
Mayra,Myra
Mayson,Mason
Mayte,Maite
Mckayla,Michaela
McKenzie,Mackenzie
Meagan,Megan
Meaghan,Megan
Meave,Maeve
Meghan,Megan
Mehitabel,Mehetabel
Meint,Meine
Melany,Melanie
Melitta,Melissa
Mellony,Melanie
Mélody,Melody
Melvin,Melville
Melvyn,Melvin
Melyssa,Melissa
Merete,Margrethe
Merethe,Merete
Merideth,Meredith
Meridith,Meredith
Meriel,Muriel
Merilyn,Marilyn
Merit,Merritt
Merit,Maret
Merla,Merle
Merle,Merrill
Merle,Muriel
Merlyn,Merlin
Merrilyn,Marilyn
Merrion,Marion
Merten,Martin
Mervin,Mervyn
Mervin,Marvin
Mervyn,Merfyn
Meryl,Muriel
Meuric,Meurig
Meztli,Metztli
Micajah,Micaiah
Michalis,Michael
Michayla,Michaela
Micheal,Michael
Micheas,Michaeas
Mìcheil,Mìcheal
Michele,Michelle
Midge,Madge
Mihaila,Mihaela
Mikayla,Michaela
Mikhaila,Michaela
Mikki,Mickey
Miko,Mikko
Milani,Melanie
Milen,Milan
Mirco,Mirko
Mirèlha,Mirèio
Mireya,Mireia
Miriama,Miriam
Miriana,Miriam
Mirte,Myrthe
Mirthe,Myrthe
Mis'id,Mus'ad
Misti,Misty
Mitra,Mithra
Modred,Mordred
Mohinder,Mahendra
Mollie,Molly
Monna,Mona
Monserrat,Montserrat
Monty,Monte
Mora,Maura
Moreen,Maureen
Morgaine,Morgan
Mórríghan,Morrígan
Morwen,Morwenna
Moyna,Mona
Moyra,Moira
Muhamad,Muhammad
Muireann,Muirenn
Munro,Monroe
Munroe,Monroe
Murielle,Muriel
Mya,Maya
Myles,Miles
Myranda,Miranda
Mysie,Maisie
Nace,Ignac
Nadia,Nadya
Nahuel,Nawel
Nanook,Nanuq
Nanuk,Nanuq
Narayanan,Narayana
Narinder,Narendra
Natalee,Natalie
Nataniel,Natanael
Natasja,Natasha
Nathaniel,Nathanael
Natille,Natalie
Natisha,Natasha
Naya,Nia
Neal,Neil
Neassa,Neasa
Nediljko,Nedeljko
Nedjeljka,Nedeljka
Nedjeljko,Nedeljko
Nehuén,Newen
Neirin,Aneirin
Nelle,Nell
Nels,Nils
Nena,Nina
Nerio,Nereo
Nevenka,Nevena
Nevil,Neville
Nichol,Nicol
Nichole,Nicole
Nicklas,Niklas
Nickolas,Nicholas
Nickolaus,Nikolaus
Niclas,Niklas
Nicolaus,Nikolaus
Nidia,Nydia
Nieve,Nieves
Nikeisha,Nakeisha
Niketa,Nikita
Nikisha,Nakisha
Nikitha,Nikita
Nikkole,Nicole
Nikolaas,Nicolaas
Nikolas,Nikolaos
Ninsumun,Ninsun
Nit,Neith
Nithin,Nitin
Nitza,Nitzan
Noémi,Naomi
Noham,Noam
Nontle,Nonhle
Nor,Nur
Norah,Nora
Norene,Noreen
Nowell,Noel
Nyah,Nia
Nylah,Nyla
Nzinga,Njinga
Oaklyn,Oakley
Oaklynn,Oaklyn
Oberon,Auberon
Odalys,Odalis
Odarka,Dariya
Odilie,Odilia
Odo,Otto
Odovacar,Odoacer
Ogechukwu,Ogechi
Øivind,Øyvind
Olalla,Eulalia
Olav,Olaf
Olindo,Olinto
Olli,Olavi
Oluf,Olaf
Oluwafemi,Olufemi
Oluwafunmilayo,Olufunmilayo
Oluwasegun,Olusegun
Olwin,Olwen
Olwyn,Olwen
Olyvia,Olivia
Omari,Umar
Onyekachukwu,Onyekachi
Oralee,Aurélie
Oralie,Aurélie
Órfhlaith,Órlaith
Ormonde,Ormond
Orval,Orville
Osberht,Osbert
Osborne,Osborn
Osbourne,Osborn
Oshea,Hoshea
Ossian,Oisín
Oswaldo,Osvaldo
Othmar,Otmar
Ottmar,Otmar
Ottomar,Otmar
Ottorino,Ottolino
Owe,Ove
Ozzy,Ozzie
Page,Paige
Paislee,Paisley
Paityn,Peyton
Pamella,Pamela
Pamila,Pamela
Pär,Per
Paschal,Paschalis
Patrice,Patricia
Patrocinia,Patrocinio
Patsy,Patty
Patti,Patty
Pattie,Patty
Patty,Matty
Pauleen,Pauline
Paulene,Pauline
Payton,Peyton
Pearce,Pierce
Pearle,Pearl
Peer,Per
Peers,Piers
Peggie,Peggy
Peggy,Meggy
Pehr,Per
Pendo,Upendo
Perele,Perle
Pernel,Parnel
Pharamond,Faramund
Phebe,Phoebe
Pheobe,Phoebe
Philbert,Philibert
Philibert,Filibert
Philis,Phyllis
Phillida,Phyllida
Phillip,Philip
Phillipa,Philip
Phillis,Phyllis
Phineas,Phinehas
Phyliss,Phyllis
Pietronella,Petronella
Pirouz,Firouz
Pitseolak,Pittiulaaq
Pitsiulaaq,Pittiulaaq
Pollie,Polly
Polly,Molly
Portia,Porcia
Posie,Posy
Proserpine,Proserpina
Pryce,Price
Przemysław,Przemysł
Puk,Puck
Quiana,Qiana
Quianna,Qiana
Quin,Quinn
Quincey,Quincy
Quintilianus,Quinctilianus
Quintilius,Quinctilius
Quintin,Quentin
Quintius,Quinctius
Quinton,Quentin
Rabab,Rubab
Raban,Hraban
Rabi,Ravi
Rachael,Rachel
Racheal,Rachel
Rachelle,Rachel
Rachyl,Rachel
Racquel,Raquel
Radclyffe,Radcliff
Radhika,Radha
Raegan,Reagan
Rafe,Ralph
Raffael,Raphael
Raguel,Reuel
Rain,Rein
Rainard,Reynard
Raine,Rain
Rainulf,Raginolf
Rajinder,Rajendra
Raju,Raja
Ralf,Ralph
Raman,Rama
Rambert,Raginbert
Ramesses,Rameses
Ramsay,Ramsey
Ramses,Rameses
Randal,Randall
Randell,Randall
Randolph,Randolf
Ranulph,Ranulf
Raschelle,Rachelle
Ratan,Ratna
Rathna,Ratna
Ratnam,Ratna
Ravinder,Ravindra
Rayko,Radko
Raymund,Raymond
Raynard,Reynard
Rayno,Radko
Read,Reed
Reanna,Rhianna
Reannon,Rhiannon
Rearden,Riordan
Rebeccah,Rebecca
Rebecka,Rebecca
Rebeckah,Rebecca
Redd,Red
Reene,Renée
Reenie,Renée
Regan,Reagan
Regena,Regina
Reid,Reed
Reinhilde,Reinhild
Rembert,Raginbert
Rémi,Rémy
Remiel,Jeremiel
Renae,Renée
Rexana,Rexanne
Rexanne,Roxane
Reyna,Reina
Reynaud,Renaud
Rheanna,Rhianna
Rheie,Rhea
Rhianna,Rhiannon
Rhianon,Rhiannon
Riannon,Rhiannon
Richelle,Rachel
Richelle,Rochelle
Rickard,Richard
Rifka,Rivka
Ríghnach,Ríoghnach
Riika,Riikka
Rikard,Richard
Riley,Reilly
Rinat,Rina
Ríona,Ríoghnach
Ríonach,Ríoghnach
Rīta,Rita
Ritchie,Richie
Rivaldo,Rinaldo
Robena,Robin
Robyn,Robin
Robynne,Robin
Rodger,Roger
Rodolph,Rudolf
Róise,Róis
Rokus,Rochus
Rolland,Roland
Rolo,Rollo
Rolph,Rolf
Romayne,Romaine
Romina,Romana
Rona,Rhona
Ronda,Rhonda
Ronne,Roan
Rorie,Rory
Rosabella,Rosabel
Rosalee,Rosalie
Rosaleen,Rosaline
Rosalin,Rosalind
Rosaline,Rosalind
Rosalva,Rosalba
Rosalyn,Rosaline
Rosalynne,Rosalyn
Rosamond,Rosamund
Rosannah,Rosanna
Roseann,Rosanne
Roseanne,Rosanne
Roselyn,Rosalyn
Rosemarie,Rosemary
Roslyn,Rosalyn
Rosmarie,Rosemarie
Rothaid,Hrodohaidis
Rowanne,Rowan
Rowen,Rowan
Rowina,Rowena
Rowland,Roland
Rowley,Roly
Roxanna,Roxana
Roxanne,Roxane
Royale,Royal
Royce,Rose
Royse,Rose
Royston,Rose
Róza,Rózsa
Rozanne,Rosanne
Ruairí,Ruaidhrí
Rubye,Ruby
Rudesind,Rosendo
Rui,Ruy
Ruprecht,Rupert
Russel,Russell
Ryana,Ryan
Ryann,Ryan
Ryanne,Ryan
Rylan,Ryland
Rylee,Riley
Ryleigh,Riley
Ryley,Riley
Rylie,Riley
Sabryna,Sabrina
Sacnite,Sacnicte
Sadbh,Sadb
Saibh,Sadhbh
Saige,Sage
Sallie,Sally
Salvo,Salvio
Samanta,Samantha
Samed,Samet
Samppa,Sampo
Sandford,Sanford
Sandie,Sandy
Sans,Sancho
Santi,Santo
Saray,Sarai
Sarina,Serena
Sarolta,Sarolt
Sauda,Sawda
Saundra,Sondra
Savanna,Savannah
Savina,Sabina
Scarlet,Scarlett
Scarlette,Scarlett
Schwanhild,Swanhild
Scorpius,Scorpio
Seachlann,Seachnall
Selâhattin,Selahattin
Selig,Zelig
Selina,Celina
Selina,Selene
Sence,Sancha
Sens,Sancha
Seppo,Sepeteus
Seppo,Sebastian
Sera,Sarah
Serina,Serena
Serrena,Serena
Set,Seth
Sévérine,Séverine
Sevinj,Sevinc
Sevyn,Seven
Shad,Chad
Shae,Shea
Shahzada,Shahzad
Shameka,Shamika
Shana,Shanna
Shaneka,Shanika
Shanelle,Chanel
Shanequa,Shaniqua
Shaniya,Shania
Shanna,Shannon
Shannah,Shanna
Shannen,Shannon
Shanon,Shannon
Shantae,Chanté
Shantel,Chantel
Shantelle,Chantel
Shaquila,Shakila
Shaquille,Shakil
Sharalyn,Cherilyn
Shari,Sherry
Sharise,Charisse
Sharla,Charla
Sharleen,Charlene
Sharlene,Charlene
Sharmaine,Charmaine
Sharron,Sharon
Sharyl,Cheryl
Sharyn,Sharon
Shavon,Shavonne
Shawnda,Shonda
Shaye,Shea
Shayne,Shane
Sheelagh,Sheila
Sheenagh,Sheena
Sheine,Shayna
Shelagh,Sheila
Shelby,Selby
Shelia,Sheila
Shelly,Shelley
Shena,Sheena
Shenandoah,Skenandoa
Sheona,Shona
Sheree,Sherry
Sheree,Cherie
Sheri,Sherry
Sherie,Sherry
Sherie,Cherie
Sherill,Cheryl
Sherilyn,Cherilyn
Sherisse,Charisse
Sherley,Shirley
Sherri,Sherry
Sherrie,Sherry
Sheryl,Cheryl
Sheryll,Cheryl
Shevaun,Shavonne
Shevon,Shavonne
Shirlee,Shirley
Shon,Shawn
Shprintza,Shprintze
Shukhrat,Shuhrat
Shulamite,Shulammite
Shyla,Sheila
Siegmund,Sigmund
Siena,Sienna
Sigalit,Sigal
Sigfrid,Sigrid
Silvinus,Silvanus
Simen,Simon
Šimona,Simona
Simonne,Simone
Sindy,Cindy
Sinjin,St
Siobhán,Jeanne
Sisel,Zisel
Sissie,Sissy
Siw,Siv
Šiwa,Živa
Siward,Sigiward
Sjeng,Sjang
Skadi,Skaði
Skye,Sky
Skyla,Skyler
Skylar,Skyler
Skyler,Schuyler
Sloan,Sloane
Soan,Sohan
Socheat,Socheata
Soili,Soile
Solène,Solange
Soline,Solange
Sølvi,Solveig
Sommer,Summer
Sondra,Sandra
Sonia,Sonya
Sonje,Sonja
Sonnie,Sonny
Sophy,Sophie
Soraia,Soraya
Sotiris,Sotirios
Sovanna,Sovann
Sridevi,Shridevi
Stacee,Stacy
Stacey,Stacy
Staci,Stacy
Stacie,Stacy
Stamatis,Stamatios
Starr,Star
Stefanie,Stephanie
Stelios,Stylianos
Stephani,Stephanie
Stephany,Stephanie
Steven,Stephen
Stormi,Stormy
Subramaniam,Subrahmanya
Subramanian,Subrahmanya
Su'en,Sin
Surinder,Surendra
Susan,Susanna
Suzan,Susan
Suzanna,Susanna
Svantovit,Svetovid
Svein,Sven
Swanhilda,Swanhild
Swanhilde,Swanhild
Swithun,Swithin
Sybella,Sibylla
Sybil,Sibyl
Sybilla,Sibylla
Sydne,Sydney
Sydnee,Sydney
Sydnie,Sydney
Sylvan,Silvanus
Sylvana,Silvana
Sylvanus,Silvanus
Sylvester,Silvester
Sylvi,Solveig
Sylvia,Silvia
Sylviane,Sylvaine
Sylvianne,Sylvaine
Synnøve,Sunniva
Syuzanna,Susanna
Szófia,Zsófia
Tabatha,Tabitha
Tadgh,Tadhg
Taegan,Tegan
Táhirih,Tahira
Tahlia,Talia
Tahnee,Tawny
Taís,Thaís
Talât,Talat
Tallak,Tollak
Tameka,Tamika
Tamera,Tamara
Tami,Tammy
Tamika,Tamiko
Tamila,Tomila
Tammara,Tamara
Tammi,Tammy
Tammie,Tammy
Tamsen,Tamsin
Tamsyn,Tamsin
Tamzen,Tamsin
Taneka,Tanika
Tanesha,Tanisha
Tania,Tanya
Tanit,Tanith
Tanja,Tanya
Tanzi,Tansy
Tarah,Tara
Tarben,Torben
Tarqik,Taqqiq
Tasgall,Asgall
Tatianna,Tatiana
Tatyanna,Tatiana
Tawnee,Tawny
Tawnie,Tawny
Tawnya,Tonya
Tayler,Taylor
Teagan,Tegan
Teale,Teal
Tera,Tara
Terance,Terence
Terell,Terrell
Teresia,Theresa
Teri,Terry
Terje,Torgeir
Terra,Tara
Terrance,Terence
Terrence,Terence
Terri,Terry
Terrie,Terry
Thalita,Talita
Theodor,Teodor
Therese,Theresa
Theudelinda,Theodelinda
Theudemar,Theudemer
Thiago,Tiago
Thibaud,Thibault
Thibaut,Thibault
Thietmar,Theudemer
Thilo,Till
Þone,Þórný
Thorben,Torben
Thorbjörn,Torbjörn
Thorbjørn,Torbjørn
Thorborg,Torborg
Thore,Tore
Thorsten,Torsten
Thorvald,Torvald
Thyge,Tyge
Thyra,Tyra
Thyrza,Thirza
Tian,Tijan
Tianna,Tiana
Tiffani,Tiffany
Tiffiny,Tiffany
Tiiu,Tiia
Tijana,Tihana
Tijmen,Thijmen
Tijs,Thijs
Tilo,Till
Timeus,Timaeus
Timoteus,Timotheus
Timothé,Timothy
Timour,Timur
Tiphanie,Tiffany
Tiwonge,Tionge
Tod,Todd
Tomaso,Tommaso
Tomo,Toma
Tonia,Tonya
Tonje,Torny
Torcuil,Torcall
Torcull,Torcall
Torger,Torgeir
Toril,Torhild
Torild,Torhild
Torill,Torhild
Torø,Tora
Tova,Tove
Tracee,Tracy
Tracey,Tracy
Traci,Tracy
Tracie,Tracy
Trajko,Trajan
Travis,Travers
Trecia,Tricia
Tresha,Tricia
Treyvon,Trevon
Tristen,Tristan
Tristin,Tristan
Triston,Tristan
Trueman,Truman
Trystan,Tristan
Tsvetko,Tsvetan
Tudor,Teodor
Ture,Tore
Tuula,Tuuli
Tuule,Tuuli
Tuva,Tove
Twyla,Twila
Tylar,Tyler
Tylor,Tyler
Tyree,McIntyre
Tyreek,Tyrik
Tyrell,Terrell
Tyriq,Tyrik
Tyrique,Tyrik
Tyron,Tyrone
Tyrrell,Terrell
Udo,Otto
Uffe,Ulf
Uiara,Iara
Ulric,Ulrich
Umaru,Umar
Umran,Imran
Umut,Ümit
Unice,Eunice
Ursella,Ursula
Usha,Ushas
Ute,Oda
Uzi,Uzzi
Valarie,Valerie
Valary,Valerie
Valerie,Valérie
Valero,Valerius
Valorie,Valerie
Vangelis,Evangelos
Varda,Vered
Varlam,Varlaam
Vaughn,Vaughan
Vedast,Vedastus
Veles,Volos
Velma,Wilma
Venceslaus,Wenceslaus
Věnceslav,Václav
Venkat,Venkata
Ventsislav,Ventseslav
Vergil,Virgil
Verginia,Virginia
Viktoria,Victoria
Villum,Vilhelm
Viona,Fiona
Virgiliu,Virgil
Vivian,Vivien
Vivianne,Viviane
Vivyan,Vivian
Voldemaras,Valdemar
Vonda,Wanda
Vydmantas,Vidmantas
Vyvyan,Vivian
Waldomar,Waldemar
Walganus,Gualguainus
Wallis,Wallace
Walpurga,Walburga
Walther,Walter
Waltraut,Waltraud
Warrick,Warwick
Waylon,Wayland
Wenceslas,Wenceslaus
Wenche,Wenke
Wenda,Wendy
Wendi,Wendy
Wenona,Winona
Wenonah,Winona
Wernher,Werner
Westley,Wesley
Wibo,Wiebe
Wiegand,Wigand
Wilburh,Wilburg
Wilfrid,Wilfred
Wilfrith,Wilfrið
Wilmar,Wilmer
Winefride,Winifred
Winfrith,Winfrið
Winnifred,Winifred
Winoc,Gwenneg
Witołd,Witold
Wolfe,Wolf
Woodie,Woody
Wotan,Wodan
Wubbe,Wobbe
Wulf,Wolf
Wynn,Wyn
Wynne,Wyn
Wynona,Winona
Wynonna,Winona
Wynter,Winter
Xavior,Xavier
Xena,Xenia
Xene,Xenia
Xitlalli,Citlalli
Xzavier,Xavier
Yahveh,Yahweh
Yamilé,Yamila
Yamilet,Yamila
Yamileth,Yamila
Yara,Iara
Yaretzi,Yaritza
Yasaman,Yasamin
Yasmin,Jasmine
Yasmina,Yasmin
Yazmin,Jasmine
Yemanjá,Iemanjá
Yenifer,Jennifer
Yenny,Jenny
Yeruti,Jeruti
Yessenia,Yesenia
Ylenia,Ilenia
Yngvar,Ingvar
Yolonda,Yolanda
Yolotli,Yolotl
Ysbrand,IJsbrand
Yvo,Ivo
Ywain,Owain
Zachariah,Zechariah
Zachery,Zachary
Zackary,Zachary
Zackery,Zachary
Zaiden,Zayden
Zalman,Solomon
Zander,Xander
Zareen,Zarina
Zarja,Zora
Zavanna,Savannah
Zavier,Xavier
Zayne,Zane
Zdena,Zdenko
Zdeno,Zdenko
Zebulon,Zebulun
Zelma,Selma
Zena,Xenia
Zenais,Zenaida
Zenia,Xenia
Zephania,Zephaniah
Zoë,Zoe
Zoey,Zoe
Zoie,Zoe
Zowie,Zoe
Zsolt,Zoltán
Zuleima,Zulema
Zulfaqar,Zulfiqar
